INSERT INTO Tbl_user VALUES(5879792, 'FLAVIAVEIZAGA', 'VEIZAGA.FLAVIA@GMAIL.COM', '75035776','WHATEVER', 'FLAVIA ESTEFANY VEIZAGA GARCIA');
INSERT INTO Tbl_user VALUES(5879790, 'JULISSAVEIZAGA', 'VEIZAGA.JULISSA@GMAIL.COM', '70888187','WHATEVER', 'ERIKA JULISSA VEIZAGA GARCIA');
INSERT INTO Tbl_user VALUES(5879788, 'KEVINVEIZAGA', 'VEIZAGA.KEVIN@GMAIL.COM', '70925011','WHATEVER', 'KEVIN ADOLFO VEIZAGA GARCIA');
INSERT INTO Tbl_user VALUES(5879789, 'EVANSVEIZAGA', 'VEIZAGA.EVANS@GMAIL.COM', '60009765','WHATEVER', 'EVANS ALBERTO VEIZAGA GARCIA');
INSERT INTO Tbl_user VALUES(3283010, 'DINGARCIA', 'GARCIA.DINGA@GMAIL.COM', '72619926','WHATEVER', 'MARIA DEYSI GARCIA DE VEIZAGA');

INSERT INTO Tbl_video VALUES (1, 'PRIMER VIDEO', 'https://www.youtube.com/watch?v=1tCPYTuxhaY',3283010);
INSERT INTO Tbl_video VALUES (2, 'SEGUNDO VIDEO', 'https://www.youtube.com/watch?v=eHiH1NytwjM',5879790);
INSERT INTO Tbl_video VALUES (3, 'TERCER VIDEO', 'https://www.youtube.com/watch?v=fid5rEwsGsA',5879792);
INSERT INTO Tbl_video VALUES (4, 'CUARTO VIDEO', 'https://www.youtube.com/watch?v=Y4pzMHe_gp0',5879792);
INSERT INTO Tbl_video VALUES (5, 'QUNTO VIDEO', 'https://www.youtube.com/watch?v=Nalo3Kr4mkc',5879789);
INSERT INTO Tbl_video VALUES (6, 'SEXTO VIDEO', 'https://youtu.be/xVEahpsZnBs',5879792);


INSERT INTO TBL_COMENTARIO VALUES (1, 'QUE BUEN VIDEO, BLA BLA BLA BLA BLA', 5879792, 6);
INSERT INTO TBL_COMENTARIO VALUES (2, 'COOL', 5879792, 5);
INSERT INTO TBL_COMENTARIO VALUES (3, 'CUANDO PUBLICAN OTRO?', 5879792, 4);
INSERT INTO TBL_COMENTARIO VALUES (4, 'QUE ES ESTO???', 5879788, 3);
INSERT INTO TBL_COMENTARIO VALUES (5, 'BLA BLA BLA BLA BLA', 5879788, 2);
INSERT INTO TBL_COMENTARIO VALUES (6, 'HAHAHA QUE BUENO', 5879788, 1);
INSERT INTO TBL_COMENTARIO VALUES (7, 'HKE?', 5879790,5);
INSERT INTO TBL_COMENTARIO VALUES (8, 'QUE BUEN VIDEO', 3283010, 3);
INSERT INTO TBL_COMENTARIO VALUES (9, 'NICA', 5879792, 4);
INSERT INTO TBL_COMENTARIO VALUES (10, 'OK', 5879792, 1);
INSERT INTO TBL_COMENTARIO VALUES (11, 'BUENISIMO', 5879792, 6);
INSERT INTO TBL_COMENTARIO VALUES (12, 'HE VISTO MEJORES', 5879790, 2);
INSERT INTO TBL_COMENTARIO VALUES (13, 'TODO ES MENTRIRA', 5879788, 2);
INSERT INTO TBL_COMENTARIO VALUES (14, 'YOU ARE KIDDING', 3283010, 6);
INSERT INTO TBL_COMENTARIO VALUES (15, 'MALISIMO', 3283010, 1);



INSERT INTO TBL_LIKE VALUES(1, 6, 5879792, 1);
INSERT INTO TBL_LIKE VALUES(2, 6, 5879790, 1);
INSERT INTO TBL_LIKE VALUES(3, 6, 5879788, 1);
INSERT INTO TBL_LIKE VALUES(4, 5, 5879789, 1);
INSERT INTO TBL_LIKE VALUES(5,5, 3283010, 1);
INSERT INTO TBL_LIKE VALUES(6, 5, 5879790, 1);
INSERT INTO TBL_LIKE VALUES(7, 4, 5879792, 1);
INSERT INTO TBL_LIKE VALUES(8, 4, 3283010, 1);
INSERT INTO TBL_LIKE VALUES(9, 3, 5879792, 1);
INSERT INTO TBL_LIKE VALUES(10, 2, 5879788, 1);
